CREATE DATABASE  IF NOT EXISTS `pokemons_vazquez_claudio` /*!40100 DEFAULT CHARACTER SET utf8mb4 COLLATE utf8mb4_0900_ai_ci */;
USE `pokemons_vazquez_claudio`;
-- MySQL dump 10.13  Distrib 8.0.15, for Win64 (x86_64)
--
-- Host: localhost    Database: pokemons_vazquez_claudio
-- ------------------------------------------------------
-- Server version	8.0.15

/*!40101 SET @OLD_CHARACTER_SET_CLIENT=@@CHARACTER_SET_CLIENT */;
/*!40101 SET @OLD_CHARACTER_SET_RESULTS=@@CHARACTER_SET_RESULTS */;
/*!40101 SET @OLD_COLLATION_CONNECTION=@@COLLATION_CONNECTION */;
 SET NAMES utf8 ;
/*!40103 SET @OLD_TIME_ZONE=@@TIME_ZONE */;
/*!40103 SET TIME_ZONE='+00:00' */;
/*!40014 SET @OLD_UNIQUE_CHECKS=@@UNIQUE_CHECKS, UNIQUE_CHECKS=0 */;
/*!40014 SET @OLD_FOREIGN_KEY_CHECKS=@@FOREIGN_KEY_CHECKS, FOREIGN_KEY_CHECKS=0 */;
/*!40101 SET @OLD_SQL_MODE=@@SQL_MODE, SQL_MODE='NO_AUTO_VALUE_ON_ZERO' */;
/*!40111 SET @OLD_SQL_NOTES=@@SQL_NOTES, SQL_NOTES=0 */;

--
-- Table structure for table `generaciones`
--

DROP TABLE IF EXISTS `generaciones`;
/*!40101 SET @saved_cs_client     = @@character_set_client */;
 SET character_set_client = utf8mb4 ;
CREATE TABLE `generaciones` (
  `id` int(11) NOT NULL AUTO_INCREMENT,
  `generacion` varchar(30) DEFAULT NULL,
  PRIMARY KEY (`id`)
) ENGINE=InnoDB AUTO_INCREMENT=9 DEFAULT CHARSET=utf8mb4 COLLATE=utf8mb4_0900_ai_ci;
/*!40101 SET character_set_client = @saved_cs_client */;

--
-- Dumping data for table `generaciones`
--

LOCK TABLES `generaciones` WRITE;
/*!40000 ALTER TABLE `generaciones` DISABLE KEYS */;
INSERT INTO `generaciones` VALUES (1,NULL),(2,'1º Generación'),(3,'2º Generación'),(4,'3º Generación'),(5,'4º Generación'),(6,'5º Generación'),(7,'6º Generación'),(8,'7º Generación');
/*!40000 ALTER TABLE `generaciones` ENABLE KEYS */;
UNLOCK TABLES;

--
-- Table structure for table `pokemones`
--

DROP TABLE IF EXISTS `pokemones`;
/*!40101 SET @saved_cs_client     = @@character_set_client */;
 SET character_set_client = utf8mb4 ;
CREATE TABLE `pokemones` (
  `id` int(11) NOT NULL AUTO_INCREMENT,
  `nombre` varchar(30) DEFAULT NULL,
  `tipo1` int(11) DEFAULT NULL,
  `tipo2` int(11) DEFAULT NULL,
  `generacion` int(11) DEFAULT NULL,
  `imagen` varchar(35) DEFAULT NULL,
  `descripcion` varchar(5000) DEFAULT NULL,
  PRIMARY KEY (`id`),
  KEY `tipo1` (`tipo1`),
  KEY `tipo2` (`tipo2`),
  KEY `generacion` (`generacion`),
  CONSTRAINT `pokemones_ibfk_1` FOREIGN KEY (`tipo1`) REFERENCES `tipos` (`id`),
  CONSTRAINT `pokemones_ibfk_2` FOREIGN KEY (`tipo2`) REFERENCES `tipos` (`id`),
  CONSTRAINT `pokemones_ibfk_3` FOREIGN KEY (`generacion`) REFERENCES `generaciones` (`id`)
) ENGINE=InnoDB AUTO_INCREMENT=15 DEFAULT CHARSET=utf8mb4 COLLATE=utf8mb4_0900_ai_ci;
/*!40101 SET character_set_client = @saved_cs_client */;

--
-- Dumping data for table `pokemones`
--

LOCK TABLES `pokemones` WRITE;
/*!40000 ALTER TABLE `pokemones` DISABLE KEYS */;
INSERT INTO `pokemones` VALUES (1,'Crustle',4,14,6,'Crustle.png','<p><strong>Crustle</strong> parece estar basado en un&nbsp;<a class=\"extiw\" title=\"wikipedia:es:Paguroidea\" href=\"http://en.wikipedia.org/wiki/es:Paguroidea\">cangrejo ermita&ntilde;o</a>&nbsp;con una concha en forma de placa terrestre. Este Pok&eacute;mon se entierra de modo que solo se le vea el caparaz&oacute;n, as&iacute; puede comer los cultivos de las huertas. Cuando est&aacute; en una cueva se esconde bajo tierra para absorber los minerales de la tierra y sobrevivir hasta salir de all&iacute;. Se disputan el territorio peleando con otros machos, el que le rompa la concha primero gana.</p>\r\n<p><strong>Crustle</strong> est&aacute; basado en un&nbsp;<a class=\"extiw\" title=\"wikipedia:es:Paguroidea\" href=\"http://en.wikipedia.org/wiki/es:Paguroidea\">cangrejo ermita&ntilde;o</a>. Lleva en su espalda una roca, como si fuera una parte de la corteza terrestre (ya que es de&nbsp;<a title=\"Tipo roca\" href=\"https://pokemon.fandom.com/es/wiki/Tipo_roca\">tipo roca</a>); tiene dos grandes tenazas y seis patas que salen debajo de la roca.</p>'),(2,'Buneary',11,NULL,5,'Buneary.png','<p><strong>Buneary</strong> esta basado en un conejo. Son Pokemon muy hiperactivos, y aunque por su aspecto parece tiernos, en combate son grandes luchadores. Ataca a sus enemigos usando sus orejas, con las que picotea; sus picotazos son muy dolorosos. Son famosos por su picardia. Su cabeza es grande en comparacion al cuerpo. Tienen un pelaje parecido al algodon en las patas, en la parte inferior del torso y en la punta de las orejas.</p><p>Sus orejas son muy versatiles. Con ellas da golpes parecidos a punetazos y cuándo siente peligro, las levanta. Cuando golpea con fuerza sus orejas enrolladas contra el suelo, puede saltar alcanzando una altura sorprendente. En noches frias, duerme con la cabeza metida en el pelaje y enrollando las orejas.</p>'),(3,'Elekid',6,NULL,3,'Elekid.png','<p>Es un Pokemon bebe, pero es muy fuerte, muy resistente y nada tierno. Este Pokemon vive en bosques, selvas, y mas frecuentemente en centrales electricas. Le gustan las frutas amargas y su pequeno hobby es alimentarse de electricidad. Puede tener distintos temperamentos segun como se crie, pero normalmente es algo travieso.</p><p><strong>Elekid</strong> gira los brazos para cargar energia que luego usa para atacar al enemigo, la energia que genera no la puede almacenar y debe soltarla enseguida. Se dice que cuando va a evolucionar a Electabuzz, tiene tanta electricidad en el cuerpo como para provocar un apagon.</p><p>Basicamente puede recargarse a si mismo atrayendo la electricidad de las tormentas electricas, sin embargo, esto es un riesgo para el ya que puede sobrecargarse y la energia en exceso afectara a su salud. Su punto debil esta entre las antenas, aunque si alguien se les acercase podria darle una descarga.</p><p><strong>Elekid</strong> es amarillo, por todo su redondo cuerpo. No tiene cola ni dedos en los pies. Los brazos de <strong>Elekid</strong> son mas voluminosos que los de su forma evolucionada. Tiene dos antenas sobre la cima de su cabeza que son parecidas a los dientes de un enchufe (o clavija), haciendolo parecerse a un enchufe de poder que camina.</p><p>Tiene en su barriga un dibujo en forma de cinturon y en el centro un dibujo de un rayo</p>'),(4,'Mudbray',15,NULL,8,'Mudbray.png','<p>Antes era posible encontrar a <strong>Mudbray</strong> en cualquier lugar del mundo, pero el numero de ejemplares disminuyó drasticamente y ahora es una especie protegida. Se dice que, hoy en dia, Alola es el unico lugar del mundo en el que se puede encontrar a este Pokemon en estado salvaje.</p><p><strong>Mudbray</strong> posee una fuerza sobrehumana, lo que resulta sorprendente teniendo en cuenta su pequeno tamano. Puede transportar cargas de hasta 50 veces su peso, tanto llevandolas a su espalda como tirando de ellas.</p><p>Resulta muy facil convivir con este Pokemon, siempre y cuando disponga un sitio en el que revolcarse por el lodo, pues es uno de sus entretenimientos favoritos. Si se le priva de este capricho, se estresara y no hara caso a nada de lo que le diga su entrenador.</p>'),(5,'Shedinja',4,7,4,'Shedinja.png','<p>Shedinja proviene de las palabra en ingl&eacute;s&nbsp;<em>shed</em>, que significa muda, y la terminaci&oacute;n -<em>inja</em>&nbsp;proveniente de&nbsp;<em>ninja</em>, al igual que su hom&oacute;logo,&nbsp;<a title=\"Ninjask\" href=\"https://pokemon.fandom.com/es/wiki/Ninjask\">Ninjask</a>, raz&oacute;n por la cual se puede pensar que este Pok&eacute;mon se origina de la piel que es abandonada por el Nincada al evolucionar, que de alg&uacute;n modo cobra vida. Esto se puede notar comparando su apariencia con la de un Nincada. Su nombre en japon&eacute;s, \"Nukenin\", proviene de las palabras japonesas&nbsp;<em>Nuke</em>&nbsp;(perder/escapar) y&nbsp;<em>Ninja</em>, lo cual encaja con su origen, ya que es la piel \"perdida\" de Nincada al evolucionar.</p>\r\n<p>Est&aacute; basado en una&nbsp;<a class=\"extiw\" title=\"wikipedia:es:Exuvia\" href=\"http://en.wikipedia.org/wiki/es:Exuvia\">exuvia</a>. Shedinja es un Pok&eacute;mon muy peculiar; no mueve ninguna parte de su cuerpo, ni siquiera para respirar. Este Pok&eacute;mon se mantiene flotando en el aire sin mover las alas; simplemente levita. Tambi&eacute;n se podr&iacute;a decir que es la parte de&nbsp;<a title=\"Nincada\" href=\"https://pokemon.fandom.com/es/wiki/Nincada\">Nincada</a>&nbsp;que no ha evolucionado.</p>\r\n<p>Su cuerpo es totalmente hueco y se dice que Shedinja robar&aacute; el alma a quien ose mirar su interior a trav&eacute;s del hueco que tiene en la espalda.</p>\r\n<p>Carece de terminaciones nerviosas, por lo que no siente dolor ante ning&uacute;n ataque. Esto provoca que sea inmune a buena parte de los movimientos, relativamente hablando, ya que cuando se d&eacute; cuenta del da&ntilde;o que le han causado quiz&aacute;s demasiado tarde y caer&aacute; debilitado casi sin enterarse. Se sabe que, aunque es un fantasma, posee un cuerpo muy duro que le da fuertes defensas, haci&eacute;ndolo invulnerable a muchos tipos de ataque.</p>\r\n<p>Su habilidad&nbsp;<a title=\"Superguarda\" href=\"https://pokemon.fandom.com/es/wiki/Superguarda\">Superguarda</a>&nbsp;le protege de cualquier ataque, excepto de aquellos que le cause da&ntilde;o supereficaz; siendo estos movimientos los de:&nbsp;<a class=\"mw-redirect\" title=\"Tipo Fantasma\" href=\"https://pokemon.fandom.com/es/wiki/Tipo_Fantasma\">fantasma</a>,&nbsp;<a class=\"mw-redirect\" title=\"Tipo Fuego\" href=\"https://pokemon.fandom.com/es/wiki/Tipo_Fuego\">fuego</a>,&nbsp;<a class=\"mw-redirect\" title=\"Tipo Roca\" href=\"https://pokemon.fandom.com/es/wiki/Tipo_Roca\">roca</a>,&nbsp;<a class=\"mw-redirect\" title=\"Tipo Siniestro\" href=\"https://pokemon.fandom.com/es/wiki/Tipo_Siniestro\">siniestro</a>&nbsp;y&nbsp;<a class=\"mw-redirect\" title=\"Tipo Volador\" href=\"https://pokemon.fandom.com/es/wiki/Tipo_Volador\">volador</a></p>'),(6,'Heatmor',8,NULL,6,'Heatmor.png','</p><strong>Heatmor</strong> esta basado en un oso hormiguero debido a su apariencia y clara enemistad con los Durant, aunque tambien podria pensarse que esta inspirado en un pangolin gigante, por sus caracteristicas fisicas tan similares. Este Pokemon se alimenta principalmente de Durant. Tambien se pueden alimentar de otro tipo de insectos una vez cazados y quemados.</p></p>Absorbe aire por el agujero de su cola para alimentar a la llama en el interior de su cuerpo y lo expulsa por su hocico, formando una lengua de fuego que derrite facilmente el acero, permitiendo llegar al interior de los Durant para comerselos. Su potente armadura de magma solidificado le protege de los ataques de su enemigo natural, los Durant.</p>'),(7,'Steelix',2,15,3,'Steelix.png','<p><strong>Steelix</strong> es un ofidio gigante de cuerpo segmentado compuesto por grandes masas de diamante m&aacute;s o menos esf&eacute;ricas. Este cuerpo est&aacute; dividido en una cabeza de grandes maxilares y colmillos prominentes que constituye el segmento m&aacute;s voluminoso y pesado del cuerpo y una cola terminada en un cuchillo colosal en el extremo. Sus ojos se encuentran en agujeros en su cabeza, y son de color rojo. Tres de los segmentos de la cola est&aacute;n dotados de una pareja de l&aacute;minas protuberantes cuya utilidad consiste probablemente en la excavaci&oacute;n, aunque tambi&eacute;n es usada para crear tormentas de arena porque se sabe que estas partes las puede hacer girar en su propio eje a grandes velocidades y de esta forma logra hacer este ataque. Lo hace de forma similar a su preevoluci&oacute;n.</p>\r\n<p>Pese a estar hecho de diamante, la superficie de Steelix es gris y refleja la luz, propiedades usuales en los compuestos met&aacute;licos y no covalentes. Vive en un h&aacute;bitat subterr&aacute;neo y se puede encontrar en cuevas; a estos nichos est&aacute; perfectamente adaptado gracias a su capacidad de excavaci&oacute;n y a su visi&oacute;n subterr&aacute;nea.</p>\r\n<p>Tiene una tendencia innata a cavar hacia el centro de la tierra, llegando a alcanzar, seg&uacute;n las pruebas geol&oacute;gicas, 1&nbsp;km de profundidad. Su particular m&eacute;todo de excavaci&oacute;n consiste en ingerir los minerales a su alcance para desplazarse frontalmente.</p>\r\n<p><strong>Steelix</strong> es la forma evolucionada de Onix. Dicha transformaci&oacute;n tiene distintas explicaciones en funci&oacute;n de la regi&oacute;n: cient&iacute;ficos afirman que debido a la presi&oacute;n constante sufrida por Onix en su h&aacute;bitat subterr&aacute;neo se altera la composici&oacute;n qu&iacute;mica de su organismo; resultando as&iacute; en que los enlaces b&aacute;sicos y ca&oacute;ticos de un cuerpo rocoso se convierten en una red covalente de inmensa dureza, otra teor&iacute;a menos contrastada afirma que la conversi&oacute;n es debida a la acumulaci&oacute;n progresiva del hierro ingerido por el Pok&eacute;mon bajo tierra; que forma parte de su alimentaci&oacute;n. En todo caso, es objetivo que Onix evoluciona al obtener un revestimiento met&aacute;lico y ser intercambiado con otro entrenador. En lo que la radiaci&oacute;n que provoca la m&aacute;quina de intercambio en conjunto con el material met&aacute;lico que lleva provoca su evoluci&oacute;n.</p>'),(8,'Glalie',9,NULL,4,'Glalie.png','<p>Su nombre proviene de Glacier (glaciar) y de alien, por lo que llega a ser, el Alien del Glaciar o Glaciar alien. En cambio su nombre en japones se pronuncia similar a "Onigori" ("Demonio-hielo" literalmente). Tambien por el alimento tipico de Japon Onigiri, pues su forma es muy parecida a la de este.</p><p>Su nombre frances Oniglali viene de Ovni (Objeto Volador No Identificado) y glace-lit (cama de nieve).</p><p><strong>Glalie</strong> es una esfera de hielo con 2 cuernos. Bajo su gran armadura de hielo se esconde un cuerpo rocoso. Congela a sus enemigos para luego comerlos lentamente con sus grandes mandibulas. Se encuentra en la region Hoenn, pesa 256 kg y mide 1,5 metros. Tiene unos ojos azules con los que, con una mirada potente, encandila a sus presas.</p><p>El hielo de su coraza nunca se derrite incluso recibiendo fuego directamente. Segun la Pokedex, tambien congela la humedad del aire de su alrededor para crear pequenos diamantes de hielo, ya que se dice que puede controlar el hielo a su antojo.</p>'),(9,'Rowlet',12,17,8,'Rowlet.png','<p><strong>Rowlet</strong> est&aacute; basado en una cr&iacute;a de&nbsp;<a class=\"extiw\" title=\"wikipedia:es:lechuza\" href=\"http://en.wikipedia.org/wiki/es:lechuza\">lechuza</a>.</p>\r\n<p>Este Pok&eacute;mon surca los cielos con sigilo, acerc&aacute;ndose a sus adversarios sin hacer el menor ruido y sin que lo detecten para asestarles luego potentes patadas. Tambi&eacute;n puede atacar a distancia gracias a las hojas de sus alas, afiladas como cuchillas, este movimiento conocido como&nbsp;<a title=\"Follaje\" href=\"https://pokemon.fandom.com/es/wiki/Follaje\">Follaje</a>&nbsp;es su principal ataque.<strong> Rowlet</strong> puede girar el cuello casi 180&deg; para inspeccionar sus alrededores, con lo que es capaz de ver lo que tiene justo a su espalda. En los combates, suele girar la cabeza para mirar a su entrenador directamente a la espera de instrucciones.</p>'),(10,'Gallade',13,10,5,'Gallade.png','<p>Es un maestro de la cortes&iacute;a y un espadach&iacute;n honorable. Pelea con las espadas extensibles que tiene en los costados de sus brazos. Sus espadas de los brazos est&aacute;n tan afiladas, que son capaces de cortar casi todo, adem&aacute;s, cuenta con un penacho de&nbsp;<a class=\"extiw\" title=\"wikipedia:es:Hoplita\" href=\"http://en.wikipedia.org/wiki/es:Hoplita\">casco corintio</a>&nbsp;en la cabeza; se sabe que el gran bulto que tiene debajo del abdomen sirve para generar rayos de energ&iacute;a de tipo ps&iacute;quico. Un ejemplo se ve en el&nbsp;<a title=\"Gallade de Zoey/Zoe\" href=\"https://pokemon.fandom.com/es/wiki/Gallade_de_Zoey/Zoe\">Gallade de Zoey/Zoe</a>. En la evoluci&oacute;n de&nbsp;<a title=\"Kirlia\" href=\"https://pokemon.fandom.com/es/wiki/Kirlia\">Kirlia</a>&nbsp;a <strong>Gallade</strong>, el aumento de los poderes ps&iacute;quicos no es muy notable, mientras que su mentalidad es m&aacute;s correcta y todos sus poderes de combate cuerpo a cuerpo, su velocidad y su fuerza se incrementan de manera incre&iacute;ble. Es uno de los Pok&eacute;mon m&aacute;s vers&aacute;tiles que existen adapt&aacute;ndose a todo tipo de terrenos y situaciones. Se sabe que en algunos casos, los <strong>Gallade</strong> experimentados, tienen la habilidad de extender las cuchillas de su codo a su antojo, que por su honor solo las extender&aacute;n en combate o en entrenamiento. Este fen&oacute;meno se puede mostrar tambi&eacute;n en la Mega-Evoluci&oacute;n , pero en una prolongaci&oacute;n de tiempo mucho m&aacute;s corta.</p>\r\n<p>Los <strong>Gallade</strong> al igual que&nbsp;<a title=\"Ralts\" href=\"https://pokemon.fandom.com/es/wiki/Ralts\">Ralts</a>,&nbsp;<a title=\"Kirlia\" href=\"https://pokemon.fandom.com/es/wiki/Kirlia\">Kirlia</a>&nbsp;y&nbsp;<a title=\"Gardevoir\" href=\"https://pokemon.fandom.com/es/wiki/Gardevoir\">Gardevoir</a>, puede percibir los sentimientos de su entrenador, lo cual, influir&aacute; sobre &eacute;l y se sentir&aacute; igual; lo que influir&aacute; en su &aacute;nimo y su poder.</p>\r\n<p>Los <strong>Gallade</strong> eran antiguamente muy usados por los caballeros que, junto con los&nbsp;<a title=\"Lucario\" href=\"https://pokemon.fandom.com/es/wiki/Lucario\">Lucario</a>, eran los Pok&eacute;mon de la nobleza y la justicia. A su vez los <strong>Gallade</strong> valoran mucho a los&nbsp;<a title=\"Lucario\" href=\"https://pokemon.fandom.com/es/wiki/Lucario\">Lucario</a>&nbsp;porque los consideran los Pok&eacute;mon m&aacute;s nobles que pueden encontrar, y viceversa.</p>\r\n<p>Raramente abandonar&aacute; a los suyos y siempre pelear&aacute; para defenderlos hasta que ya no pueda m&aacute;s. Tambi&eacute;n es incapaz de traicionar a los suyos. Los proteger&aacute; hasta la muerte sin importarle nada ni nadie. Aunque Gallade sea vencido en combate, alzar&aacute; el pecho y mirar&aacute; a su oponente a los ojos debido a su gran idealismo del honor. <strong>Gallade</strong> siempre se mantiene serio y elegante porque le gusta que los que lo rodean, sean personas o Pok&eacute;mon, puedan admirar su semblante correcto, de gran educaci&oacute;n y respeto. Por su honor tambi&eacute;n, subestimar su caballerosidad es algo que ofende gravemente a un <strong>Gallade</strong>. Aunque el orgullo de Gallade quede herido, su forma de pensar le impide atacar, a no ser que deshonren a su familia, su entrenador le d&eacute; una orden o le ataquen sin previo aviso, en son de cobard&iacute;a o traici&oacute;n.</p>'),(11,'Hitmonlee',10,NULL,2,'Hitmonlee.png','</p><strong>Hitmonlee</strong> es un Pokemon basado en un blemias. Se caracteriza por ser un Pokemon especialista en patadas, las cuales son increiblemente fuertes y veloces. Debido a su gran elasticidad puede dar patadas casi en cualquier posicion en la que este hacia cualquier direccion. Se le suele dar el nombre de el pateador feroz. Tras la lucha, se masajea las piernas para relajar los musculos y descansar.</p></p>Sus piernas en forma de resorte son extremadamente elasticas, estas al estirarse pueden alcanzar mas de 2 metros de largo. Sus brazos tambien puede tener la misma habilidad elastica que las piernas, pero esto es sumamente dificil, la unica forma de lograrlo es con un entrenamiento de brazos, lo cual es practicamente imposible ya que <strong>Hitmonlee</strong> no tiene los brazos tan desarrollados ni fortalecidos como sus poderosas piernas.</p>'),(12,'Venusaur',12,16,2,'Venusaur.png','<p>El capullo de su lomo se abre completamente, dejando ver una enorme flor rosada y unas hojas semejantes a las de palmera o las de la&nbsp;<em><a class=\"extiw\" title=\"wikipedia:es:Rafflesia arnoldii\" href=\"http://en.wikipedia.org/wiki/es:Rafflesia_arnoldii\">Rafflesia arnoldii</a></em>, que se nutre de la luz solar por fotos&iacute;ntesis, aunque tambi&eacute;n absorbe energ&iacute;a del propio Pok&eacute;mon. A trav&eacute;s de ella, Venusaur realiza uno de sus ataques m&aacute;s potentes:&nbsp;<a title=\"Rayo solar\" href=\"https://pokemon.fandom.com/es/wiki/Rayo_solar\">rayo solar</a>. Esta planta segrega una savia muy dulce que&nbsp;<span class=\"imagenpopup\"><span class=\"enlace\"><a title=\"Archivo:EP441 Heracross comiendo la savia de Venusaur.png\" href=\"https://pokemon.fandom.com/es/wiki/Archivo:EP441_Heracross_comiendo_la_savia_de_Venusaur.png\">atrae a muchos Pok&eacute;mon bicho</a></span></span>. <strong>Venusaur</strong> tiene la habilidad de liberar un&nbsp;<span class=\"imagenpopup\"><span class=\"enlace\"><a title=\"Archivo:EP440 Venusaur liberando olor.png\" href=\"https://pokemon.fandom.com/es/wiki/Archivo:EP440_Venusaur_liberando_olor.png\">aroma dulce</a></span></span>&nbsp;que puede&nbsp;<span class=\"imagenpopup\"><span class=\"enlace\"><a title=\"Archivo:EP440 Beedrill tranquilizado.png\" href=\"https://pokemon.fandom.com/es/wiki/Archivo:EP440_Beedrill_tranquilizado.png\">tranquilizar a los dem&aacute;s Pok&eacute;mon</a></span></span>. Tambi&eacute;n tiene la capacidad de atraer a muchos Pok&eacute;mon del bosque. Los Venusaur son muy longevos y cuando alcanzan una larga edad, el aroma que sale de su flor es tan potente que puede hacer florecer los bosques y hacer reto&ntilde;ar a los &aacute;rboles secos.</p>\r\n<p>Se dice que esta habilidad la usan para darle inicio a la primavera. Adem&aacute;s, es capaz de manipular objetos con gran precisi&oacute;n gracias a las cepas que salen de su cuerpo. Como se vio en el&nbsp;<a title=\"EP051\" href=\"https://pokemon.fandom.com/es/wiki/EP051\">EP051</a>&nbsp;puede desplegar un gran n&uacute;mero de cepas de su lomo, a diferencia de sus preevoluciones que solo pueden sacar una de cada lado de su cuerpo. La gran flor que tiene sobre su espalda va tomando colores intensos si est&aacute; llena de nutrientes y luz solar. El aroma de la flor tranquiliza las emociones de la gente.</p>\r\n<p><strong>Venusaur</strong> se asemeja a sus preevoluciones, salvo por su mayor tama&ntilde;o y peso. A pesar de esto es un Pok&eacute;mon bastante r&aacute;pido. Tambi&eacute;n resalta la diferenciaci&oacute;n por su color azul m&aacute;s oscuro y por su aspecto m&aacute;s feroz. <strong>Venusaur</strong> posee unas patas robustas para aguantar el peso de su flor.</p>\r\n<p><strong>Venusaur</strong> es un Pok&eacute;mon bastante inteligente y d&oacute;cil, pero si hay alg&uacute;n humano cerca puede tornarse bastante territorial. Venusaur es capaz de&nbsp;<span class=\"imagenpopup\"><span class=\"enlace\"><a title=\"Archivo:EP428 Venusaur de Jeremy (3).png\" href=\"https://pokemon.fandom.com/es/wiki/Archivo:EP428_Venusaur_de_Jeremy_(3).png\">posarse sobre dos patas</a></span></span>&nbsp;por un corto tiempo. Se cree que es para poder alcanzar los frutos de los &aacute;rboles m&aacute;s altos. Se pasa el d&iacute;a caminando en busca de comida, insectos y hierba fresca.</p>\r\n<p>A partir de la&nbsp;<a title=\"Sexta generaci&oacute;n\" href=\"https://pokemon.fandom.com/es/wiki/Sexta_generaci%C3%B3n\">sexta generaci&oacute;n</a>&nbsp;y solo en los&nbsp;<a class=\"mw-redirect\" title=\"Combates\" href=\"https://pokemon.fandom.com/es/wiki/Combates\">combates</a>, <strong>Venusaur</strong> puede&nbsp;<a title=\"Megaevoluci&oacute;n\" href=\"https://pokemon.fandom.com/es/wiki/Megaevoluci%C3%B3n\">megaevolucionar</a>&nbsp;a&nbsp;<strong>Mega-Venusaur</strong>. Al megaevolucionar, Venusaur aumenta de peso y altura. Su ataque, defensa, ataque especial y defensa especial aumentan tambi&eacute;n, y su habilidad pasa a ser&nbsp;<a title=\"Sebo\" href=\"https://pokemon.fandom.com/es/wiki/Sebo\">sebo</a>, que lo protege un poco contra dos de sus debilidades: los movimientos de&nbsp;<a title=\"Tipo fuego\" href=\"https://pokemon.fandom.com/es/wiki/Tipo_fuego\">tipo fuego</a>&nbsp;y los de&nbsp;<a title=\"Tipo hielo\" href=\"https://pokemon.fandom.com/es/wiki/Tipo_hielo\">tipo hielo</a>.</p>\r\n<p>Al megaevolucionar, le crece una flor rosa de seis p&eacute;talos en la frente y otra en la parte posterior. Para poder soportar el peso de esa inmensa flor, sus piernas y su cuerpo se vuelven m&aacute;s robustos. Tambi&eacute;n le sale un rombo verde en la cara y dos tri&aacute;ngulos del mismo color a los lados. En la espalda, sus hojas se hacen m&aacute;s oscuras, le crecen lianas con hojas en el tronco y la flor pasa a tener un &uacute;nico punto blanco en cada p&eacute;talo.</p>\r\n<p>Al megaevolucionar, su grito tambi&eacute;n es diferente</p>'),(13,'Skrelp',16,3,7,'Skrelp.png','<p><strong>Skrelp</strong> est&aacute; basado en un&nbsp;<a class=\"extiw\" title=\"wikipedia:es:Phycodurus eques\" href=\"http://en.wikipedia.org/wiki/es:Phycodurus_eques\">drag&oacute;n de mar</a>.</p>\r\n<p>Este Pok&eacute;mon se vale de su singular silueta para camuflarse como un alga marina, mientras acumula energ&iacute;a para evolucionar. Skrelp adopta la forma de algas podridas y cuando una presa desprevenida nada cerca de donde yace; <strong>Skrelp</strong> le lanza su veneno para inmovilizarla.</p>'),(14,'Goomy',5,NULL,7,'Goomy.png','<p><strong>Goomy</strong> es una especie de molusco, al parecer basado en el Ceratosoma amoenum un molusco nudibranquial que habita en arrecifes de coral. <strong>Goomy</strong> no se mueve con rapidez y no esta muy bien dotado para el combate, por lo que se lo considera el Pokemon de tipo dragon mas debil. No obstante, si lo entrenas bien, sacara a relucir una fuerza oculta que lo situara al nivel de cualquier otro Pokemon de tipo dragon. Este Pokemon esta cubierto de mucosidad viscosa que hace resbalar tanto los punetazos como las patadas de los enemigos que lo golpean.</p>');
/*!40000 ALTER TABLE `pokemones` ENABLE KEYS */;
UNLOCK TABLES;

--
-- Table structure for table `tipos`
--

DROP TABLE IF EXISTS `tipos`;
/*!40101 SET @saved_cs_client     = @@character_set_client */;
 SET character_set_client = utf8mb4 ;
CREATE TABLE `tipos` (
  `id` int(11) NOT NULL AUTO_INCREMENT,
  `tipo` varchar(30) DEFAULT NULL,
  PRIMARY KEY (`id`)
) ENGINE=InnoDB AUTO_INCREMENT=18 DEFAULT CHARSET=utf8mb4 COLLATE=utf8mb4_0900_ai_ci;
/*!40101 SET character_set_client = @saved_cs_client */;

--
-- Dumping data for table `tipos`
--

LOCK TABLES `tipos` WRITE;
/*!40000 ALTER TABLE `tipos` DISABLE KEYS */;
INSERT INTO `tipos` VALUES (1,NULL),(2,'Acero'),(3,'Agua'),(4,'Bicho'),(5,'Dragón'),(6,'Eléctrico'),(7,'Fantasma'),(8,'Fuego'),(9,'Hielo'),(10,'Lucha'),(11,'Normal'),(12,'Planta'),(13,'Psíquico'),(14,'Roca'),(15,'Tierra'),(16,'Veneno'),(17,'Volador');
/*!40000 ALTER TABLE `tipos` ENABLE KEYS */;
UNLOCK TABLES;

--
-- Table structure for table `usuarios`
--

DROP TABLE IF EXISTS `usuarios`;
/*!40101 SET @saved_cs_client     = @@character_set_client */;
 SET character_set_client = utf8mb4 ;
CREATE TABLE `usuarios` (
  `id` int(11) NOT NULL AUTO_INCREMENT,
  `usuario` varchar(30) DEFAULT NULL,
  `clave` varchar(30) DEFAULT NULL,
  PRIMARY KEY (`id`)
) ENGINE=InnoDB AUTO_INCREMENT=2 DEFAULT CHARSET=utf8mb4 COLLATE=utf8mb4_0900_ai_ci;
/*!40101 SET character_set_client = @saved_cs_client */;

--
-- Dumping data for table `usuarios`
--

LOCK TABLES `usuarios` WRITE;
/*!40000 ALTER TABLE `usuarios` DISABLE KEYS */;
INSERT INTO `usuarios` VALUES (1,'unlam','1234');
/*!40000 ALTER TABLE `usuarios` ENABLE KEYS */;
UNLOCK TABLES;
/*!40103 SET TIME_ZONE=@OLD_TIME_ZONE */;

/*!40101 SET SQL_MODE=@OLD_SQL_MODE */;
/*!40014 SET FOREIGN_KEY_CHECKS=@OLD_FOREIGN_KEY_CHECKS */;
/*!40014 SET UNIQUE_CHECKS=@OLD_UNIQUE_CHECKS */;
/*!40101 SET CHARACTER_SET_CLIENT=@OLD_CHARACTER_SET_CLIENT */;
/*!40101 SET CHARACTER_SET_RESULTS=@OLD_CHARACTER_SET_RESULTS */;
/*!40101 SET COLLATION_CONNECTION=@OLD_COLLATION_CONNECTION */;
/*!40111 SET SQL_NOTES=@OLD_SQL_NOTES */;

-- Dump completed on 2019-10-15  2:31:00
